SupplierID,SupplierName,SupplierLocation,SupplierContact
1,"Rodriguez, Winters and Perez",Irwinhaven,6538306661
2,Lawson-Wilkins,Calderonchester,
3,Lee-Miller,South Emilyview,+1-588-750-7646
4,Soto-Rivera,West Denise,805-650-6257x5876
5,Campos-Murillo,Lawsontown,822-222-4939
6,"Wagner, Jackson and Holt",Port Sarahview,+1-362-752-2777x1817
7,White and Sons,West Scott,288-572-7043
8,"Colon, Palmer and Welch",Antonioshire,230-757-6575x898
9,"Mack, Wright and Mclaughlin",Alexandrachester,856-399-9995x715
10,Roman-Chambers,Dennischester,001-324-909-1637x2831
11,"Mathis, Olson and Ryan",Herreraland,(906)306-1777x264
12,"Mathis, Olson and Ryan",Herreraland,
13,Peck Group,West Lindafurt,+1-838-976-6137
14,Lawson-Wilkins,Calderonchester,(277)930-2705x3206
15,"Ramirez, Hicks and Lara",Dustinmouth,
16,Smith PLC,Lake Candiceton,459-301-8580
17,Brown-Miller,Seanfort,(502)758-2166
18,"Gilbert, Miller and Lee",Lake Juanland,+1-619-677-8121x28226
19,Higgins and Sons,West Johnbury,230-568-4141
20,King-Rodriguez,South Lindatown,
21,King-Rodriguez,South Lindatown,7724600682
22,Lee-Miller,South Emilyview,
23,Randall-Ballard,Popeport,933.564.7029x6917
24,"Ramirez, Hicks and Lara",Dustinmouth,853-738-3918
25,"Thornton, Jackson and Gray",Leslieville,001-575-242-3572x740
26,"Colon, Palmer and Welch",Antonioshire,
27,"Wagner, Jackson and Holt",Port Sarahview,
28,Brown-Miller,Seanfort,
29,Peck Group,West Lindafurt,
30,White and Sons,West Scott,
31,"Mack, Wright and Mclaughlin",Alexandrachester,
32,"Thornton, Jackson and Gray",Leslieville,
33,"Gilbert, Miller and Lee",Lake Juanland,
34,Campos-Murillo,Lawsontown,
35,Smith PLC,Lake Candiceton,
36,Randall-Ballard,Popeport,
37,Higgins and Sons,West Johnbury,
38,"Rodriguez, Winters and Perez",Irwinhaven,
39,Roman-Chambers,Dennischester,
40,Soto-Rivera,West Denise,
